,precision,recall,f1-score,support
0,0.9628637059724349,0.988989382618954,0.9757516973811834,2543.0
1,0.9344262295081968,0.8044354838709677,0.8645720476706392,496.0
accuracy,0.9588680487002303,0.9588680487002303,0.9588680487002303,0.9588680487002303
macro avg,0.9486449677403158,0.8967124332449609,0.9201618725259113,3039.0
weighted avg,0.9582223804290777,0.9588680487002303,0.9576058907815026,3039.0
